# tRNA window convention: truth minus ARAGORN offsets (5-prime/3-prime, transcript orientation),
# the majority across the hand-curated tables (Asparagaceae, classic records, grass set) with
# |offset| <= 2; ARAGORN reports one extra flanking base at each end for many tRNAs. Used by
# recurate_trna.pl. Third column: supporting windows.
trnA-UGC	0/0	53
trnC-GCA	0/0	48
trnD-GUC	0/0	34
trnE-UUC	1/-1	47
trnF-GAA	0/-1	46
trnG-GCC	0/0	35
trnG-UCC	0/-1	12
trnH-GUG	-1/-1	49
trnI-CAU	0/-1	44
trnI-GAU	0/0	40
trnK-UUU	1/-1	16
trnL-CAA	1/-1	56
trnL-UAA	1/-1	30
trnL-UAG	0/0	50
trnM-CAU	1/0	13
trnN-GUU	1/-1	57
trnP-GGG	0/0	1
trnP-UGG	-1/-2	29
trnQ-UUG	0/0	29 (structural override: the grass/classic 0/1 3-prime base does not pair; ARAGORN and Asparagaceae agree on 0/0)
trnR-ACG	0/-1	56
trnR-CCG	0/0	2
trnR-UCU	0/0	50
trnS-CGA	0/-1	1
trnS-GCU	0/-2	33
trnS-GGA	0/0	46
trnS-UGA	0/0	37
trnT-CGU	0/0	4
trnT-GGU	1/-1	47
trnT-UGU	1/-1	49
trnV-GAC	0/0	55
trnV-UAC	0/0	47
trnW-CCA	0/0	51
trnY-AUA	0/0	1
trnY-GUA	1/-1	49
trnfM-CAU	1/-1	31
